d,vWF,FQERF,1212-12-12,1212-12-12,1212-12-12,IjBjM2E0ZGExZDYxZWNiYTAwODM0Mzc3MjEzYTY4MmQzNzRiNDQ3MTAi.XOfJ_w.-_p3LZiUrTx55huWSz0Pfmj1x48
ghjlvhul,ftyocgh,v ghvgh,3000,1212-12-12,1212-12-12,1212-12-12,Ijg1Y2FhNDlkYzA0OWU5MTM1M2Q3MDU5ODg0NzBjNjRkYTgxNTg4NmUi.XO0IDQ.c0be8nk5gsj3dsxZSR5Qr5zXpRI
eqFW,ftyocgh,GR,3000,1212-12-12,1212-12-12,1212-12-12,ImUzMDI5YTJiOTI5MDBmMWNmZDA0MjkwMTc0ZDUxMDRiNzQxYzBiYTQi.XO5rww.g4c5l_MeKGvOYhP7AB4FYhvGCUg
eqFW,hy523,h42,3000,1211-12-12,1212-12-12,1212-12-12,ImUzMDI5YTJiOTI5MDBmMWNmZDA0MjkwMTc0ZDUxMDRiNzQxYzBiYTQi.XO6nCQ.jDwarkr4CqvCCxT9sx3mINOi1fQ
eqFW,hy523,h42,3000,1211-12-12,1212-12-12,1212-12-12,ImUzMDI5YTJiOTI5MDBmMWNmZDA0MjkwMTc0ZDUxMDRiNzQxYzBiYTQi.XO6nCQ.jDwarkr4CqvCCxT9sx3mINOi1fQ
eqFW,hy523,h42,3000,1211-12-12,1212-12-12,1212-12-12,ImUzMDI5YTJiOTI5MDBmMWNmZDA0MjkwMTc0ZDUxMDRiNzQxYzBiYTQi.XO6nCQ.jDwarkr4CqvCCxT9sx3mINOi1fQ
eqFW,hy523,h42,3000,1211-12-12,1212-12-12,1212-12-12,ImUzMDI5YTJiOTI5MDBmMWNmZDA0MjkwMTc0ZDUxMDRiNzQxYzBiYTQi.XO6nCQ.jDwarkr4CqvCCxT9sx3mINOi1fQ
eqFW,hy523,h42,3000,1211-12-12,1212-12-12,1212-12-12,ImUzMDI5YTJiOTI5MDBmMWNmZDA0MjkwMTc0ZDUxMDRiNzQxYzBiYTQi.XO6nCQ.jDwarkr4CqvCCxT9sx3mINOi1fQ
htw,htrw,htrw,3000,1111-11-22,1111-11-11,1111-11-11,ImUzMDI5YTJiOTI5MDBmMWNmZDA0MjkwMTc0ZDUxMDRiNzQxYzBiYTQi.XO_F3g.5W_LmDAwLS5hnYaU2AAf-JgarlU
Lots of money,We nwill give you lots of money,To buy pretty things,30000000,1221-12-12,1212-12-12,1212-12-12,ImUzMDI5YTJiOTI5MDBmMWNmZDA0MjkwMTc0ZDUxMDRiNzQxYzBiYTQi.XO_SkA.O4s2iRQRk_tj0nwJj20GzamRgbc
eqFW,ftyocgh,h42,3000,1111-11-11,1111-11-11,1111-11-11,ImUzMDI5YTJiOTI5MDBmMWNmZDA0MjkwMTc0ZDUxMDRiNzQxYzBiYTQi.XO_nog.0yl6LwIwcR0c5x1xDzyCg91k_ZM
jy53,ftyocgh,h42,3000,1212-12-12,1212-12-12,1212-12-12,ImUzMDI5YTJiOTI5MDBmMWNmZDA0MjkwMTc0ZDUxMDRiNzQxYzBiYTQi.XPD1Rw.KX8-kF6pDK72c_2Oi2LjC49ZLMI
jy53,ftyocgh,h42,3000,1212-12-12,1212-12-12,1212-12-12,ImUzMDI5YTJiOTI5MDBmMWNmZDA0MjkwMTc0ZDUxMDRiNzQxYzBiYTQi.XPD1Rw.KX8-kF6pDK72c_2Oi2LjC49ZLMI
jy53,ftyocgh,h42,3000,1212-12-12,1212-12-12,1212-12-12,ImUzMDI5YTJiOTI5MDBmMWNmZDA0MjkwMTc0ZDUxMDRiNzQxYzBiYTQi.XPD1Rw.KX8-kF6pDK72c_2Oi2LjC49ZLMI
jy53,ftyocgh,h42,3000,1212-12-12,1212-12-12,1212-12-12,ImUzMDI5YTJiOTI5MDBmMWNmZDA0MjkwMTc0ZDUxMDRiNzQxYzBiYTQi.XPD1Rw.KX8-kF6pDK72c_2Oi2LjC49ZLMI
jy53,ftyocgh,h42,3000,1212-12-12,1212-12-12,1212-12-12,ImUzMDI5YTJiOTI5MDBmMWNmZDA0MjkwMTc0ZDUxMDRiNzQxYzBiYTQi.XPD1Rw.KX8-kF6pDK72c_2Oi2LjC49ZLMI
jy53,ftyocgh,h42,3000,1212-12-12,1212-12-12,1212-12-12,ImUzMDI5YTJiOTI5MDBmMWNmZDA0MjkwMTc0ZDUxMDRiNzQxYzBiYTQi.XPD1Rw.KX8-kF6pDK72c_2Oi2LjC49ZLMI
jy53,ftyocgh,h42,3000,1212-12-12,1212-12-12,1212-12-12,ImUzMDI5YTJiOTI5MDBmMWNmZDA0MjkwMTc0ZDUxMDRiNzQxYzBiYTQi.XPD1Rw.KX8-kF6pDK72c_2Oi2LjC49ZLMI
jy53,ftyocgh,h42,3000,1212-12-12,1212-12-12,1212-12-12,ImUzMDI5YTJiOTI5MDBmMWNmZDA0MjkwMTc0ZDUxMDRiNzQxYzBiYTQi.XPD1Rw.KX8-kF6pDK72c_2Oi2LjC49ZLMI
jy53,ftyocgh,h42,3000,1212-12-12,1212-12-12,1212-12-12,ImUzMDI5YTJiOTI5MDBmMWNmZDA0MjkwMTc0ZDUxMDRiNzQxYzBiYTQi.XPD1Rw.KX8-kF6pDK72c_2Oi2LjC49ZLMI
jy53,ftyocgh,h42,3000,1212-12-12,1212-12-12,1212-12-12,ImUzMDI5YTJiOTI5MDBmMWNmZDA0MjkwMTc0ZDUxMDRiNzQxYzBiYTQi.XPD1Rw.KX8-kF6pDK72c_2Oi2LjC49ZLMI
jy53,ftyocgh,h42,3000,1212-12-12,1212-12-12,1212-12-12,ImUzMDI5YTJiOTI5MDBmMWNmZDA0MjkwMTc0ZDUxMDRiNzQxYzBiYTQi.XPD1Rw.KX8-kF6pDK72c_2Oi2LjC49ZLMI
jy53,ftyocgh,h42,3000,1212-12-12,1212-12-12,1212-12-12,ImUzMDI5YTJiOTI5MDBmMWNmZDA0MjkwMTc0ZDUxMDRiNzQxYzBiYTQi.XPD1Rw.KX8-kF6pDK72c_2Oi2LjC49ZLMI
jy53,ftyocgh,h42,3000,1212-12-12,1212-12-12,1212-12-12,ImUzMDI5YTJiOTI5MDBmMWNmZDA0MjkwMTc0ZDUxMDRiNzQxYzBiYTQi.XPD1Rw.KX8-kF6pDK72c_2Oi2LjC49ZLMI
jy53,ftyocgh,h42,3000,1212-12-12,1212-12-12,1212-12-12,ImUzMDI5YTJiOTI5MDBmMWNmZDA0MjkwMTc0ZDUxMDRiNzQxYzBiYTQi.XPD1Rw.KX8-kF6pDK72c_2Oi2LjC49ZLMI
jy53,ftyocgh,h42,3000,1212-12-12,1212-12-12,1212-12-12,ImUzMDI5YTJiOTI5MDBmMWNmZDA0MjkwMTc0ZDUxMDRiNzQxYzBiYTQi.XPD1Rw.KX8-kF6pDK72c_2Oi2LjC49ZLMI
jy53,ftyocgh,h42,3000,1212-12-12,1212-12-12,1212-12-12,ImUzMDI5YTJiOTI5MDBmMWNmZDA0MjkwMTc0ZDUxMDRiNzQxYzBiYTQi.XPD1Rw.KX8-kF6pDK72c_2Oi2LjC49ZLMI
jy53,ftyocgh,h42,3000,1212-12-12,1212-12-12,1212-12-12,ImUzMDI5YTJiOTI5MDBmMWNmZDA0MjkwMTc0ZDUxMDRiNzQxYzBiYTQi.XPD1Rw.KX8-kF6pDK72c_2Oi2LjC49ZLMI
jy53,ftyocgh,h42,3000,1212-12-12,1212-12-12,1212-12-12,ImUzMDI5YTJiOTI5MDBmMWNmZDA0MjkwMTc0ZDUxMDRiNzQxYzBiYTQi.XPD1Rw.KX8-kF6pDK72c_2Oi2LjC49ZLMI
jy53,ftyocgh,h42,3000,1212-12-12,1212-12-12,1212-12-12,ImUzMDI5YTJiOTI5MDBmMWNmZDA0MjkwMTc0ZDUxMDRiNzQxYzBiYTQi.XPD1Rw.KX8-kF6pDK72c_2Oi2LjC49ZLMI
jy53,ftyocgh,h42,3000,1212-12-12,1212-12-12,1212-12-12,ImUzMDI5YTJiOTI5MDBmMWNmZDA0MjkwMTc0ZDUxMDRiNzQxYzBiYTQi.XPD1Rw.KX8-kF6pDK72c_2Oi2LjC49ZLMI
jy53,ftyocgh,h42,3000,1212-12-12,1212-12-12,1212-12-12,ImUzMDI5YTJiOTI5MDBmMWNmZDA0MjkwMTc0ZDUxMDRiNzQxYzBiYTQi.XPD1Rw.KX8-kF6pDK72c_2Oi2LjC49ZLMI
fregqe,greqg,greqgre,3000,1111-11-11,1111-11-11,1111-11-11,ImUzMDI5YTJiOTI5MDBmMWNmZDA0MjkwMTc0ZDUxMDRiNzQxYzBiYTQi.XPEhEA.Sk3SiFNfHpCRFFARPcxKdCDLNxM
tgw,grew,grew,5000,1111-11-11,,,ImUzMDI5YTJiOTI5MDBmMWNmZDA0MjkwMTc0ZDUxMDRiNzQxYzBiYTQi.XPEwoA.WtXRV8ioD1FH6gczm-3nNVweKIA
